archive_path,original_source_path,original_size_bytes,compressed_size_bytes,sha256,file_count,date_min,date_max,reason_retained,milestone,verification
D:/GREENS_ARCHIVES/physical_validation/green-ecc-gate04-runs.tar.gz,Ubuntu-24.04:/var/lib/green-ecc-gate04/runs,342064128,57525587,854baeb90a9e2b764db13e31158785d806613796707549e4c27df579475409b5,947,2026-08-14,2026-08-14,Historical physical run evidence; unique source and compact metadata synchronized first,green-ecc-gate04,gzip read + complete member/type/link/count/size/SHA256 comparison; source rehash; quarantine rehash; archive rehash; public member manifest archives/manifests/green-ecc-gate04-runs.tar.gz.manifest.json
D:/GREENS_ARCHIVES/physical_validation/green-ecc-date2027-final-runs.tar.gz,Ubuntu-24.04:/var/lib/green-ecc-date2027-final/runs,718406621,142980027,ccb99359c0026b999d00bc91e2e3076cd4c1d4de5355c391c772555bbcc4dcb8,837,2026-08-24,2026-08-24,Historical physical run evidence; unique source and compact metadata synchronized first,green-ecc-date2027-final,gzip read + complete member/type/link/count/size/SHA256 comparison; source rehash; quarantine rehash; archive rehash; public member manifest archives/manifests/green-ecc-date2027-final-runs.tar.gz.manifest.json
D:/GREENS_ARCHIVES/physical_validation/green-ecc-date2027-breadth-remediation-runs.tar.gz,Ubuntu-24.04:/var/lib/green-ecc-date2027-breadth-remediation/runs,1757720757,348905719,cb68e1112c47dc7d4249849ccc01569fa961dbb0dd08d1cb96ddd6dacf1426b2,2342,2026-08-26,2026-08-26,Historical physical run evidence; unique source and compact metadata synchronized first,green-ecc-date2027-breadth-remediation,gzip read + complete member/type/link/count/size/SHA256 comparison; source rehash; quarantine rehash; archive rehash; public member manifest archives/manifests/green-ecc-date2027-breadth-remediation-runs.tar.gz.manifest.json
D:/GREENS_ARCHIVES/physical_validation/green-ecc-date2027-gate04-final-confirmatory-02-runs.tar.gz,Ubuntu-24.04:/var/lib/green-ecc-date2027-gate04-final-confirmatory-02/runs,371378066,71249685,b9b07898435fb725d2fcbca30265880153e68de391f5d182f1546aad53c41bb3,393,2026-08-24,2026-08-24,Historical physical run evidence; unique source and compact metadata synchronized first,green-ecc-date2027-gate04-final-confirmatory-02,gzip read + complete member/type/link/count/size/SHA256 comparison; source rehash; quarantine rehash; archive rehash; public member manifest archives/manifests/green-ecc-date2027-gate04-final-confirmatory-02-runs.tar.gz.manifest.json
D:/GREENS_ARCHIVES/physical_validation/green-ecc-date2027-gate04-final-runs.tar.gz,Ubuntu-24.04:/var/lib/green-ecc-date2027-gate04-final/runs,142021419,26803503,344c19bd035b558ae15d92dcf5dcecbfdb28959faff830c3176c12c283a12ce1,199,2026-08-24,2026-08-24,Historical physical run evidence; unique source and compact metadata synchronized first,green-ecc-date2027-gate04-final,gzip read + complete member/type/link/count/size/SHA256 comparison; source rehash; quarantine rehash; archive rehash; public member manifest archives/manifests/green-ecc-date2027-gate04-final-runs.tar.gz.manifest.json
D:/GREENS_ARCHIVES/physical_validation/green-ecc-gate03es-runs.tar.gz,Ubuntu-24.04:/var/lib/green-ecc-gate03es/runs,222342313,33733924,d160c531f096822a598c602c59245be8a25a9d65ae0bf50f16fac6c908c997de,257,2026-08-10,2026-08-14,Historical physical run evidence; unique source and compact metadata synchronized first,green-ecc-gate03es,gzip read + complete member/type/link/count/size/SHA256 comparison; source rehash; quarantine rehash; archive rehash; public member manifest archives/manifests/green-ecc-gate03es-runs.tar.gz.manifest.json
D:/GREENS_ARCHIVES/physical_validation/green-ecc-date2027-revision2-runs.tar.gz,Ubuntu-24.04:/var/lib/green-ecc-date2027-revision2/runs,2262279667,440064320,2f136059ad49321afdbbda0421002f140ca5b6d9baad6f107557de06ef2a8ea8,2307,2026-08-25,2026-08-25,Historical physical run evidence; unique source and compact metadata synchronized first,green-ecc-date2027-revision2,gzip read + complete member/type/link/count/size/SHA256 comparison; source rehash; quarantine rehash; archive rehash; public member manifest archives/manifests/green-ecc-date2027-revision2-runs.tar.gz.manifest.json
D:/GREENS_ARCHIVES/physical_validation/green-ecc-gate03er-runs.tar.gz,Ubuntu-24.04:/var/lib/green-ecc-gate03er/runs,132276820,29003879,2880ae09bd4a8c2b1d2a7638656b906432b1019ece94787743c26c7b7382b7ee,215,2026-08-10,2026-08-14,Historical physical run evidence; unique source and compact metadata synchronized first,green-ecc-gate03er,gzip read + complete member/type/link/count/size/SHA256 comparison; source rehash; quarantine rehash; archive rehash; public member manifest archives/manifests/green-ecc-gate03er-runs.tar.gz.manifest.json
D:/GREENS_ARCHIVES/physical_validation/green-ecc-v33-activity-complete-e5-fresh_runs.tar.gz,Ubuntu-24.04:/var/lib/green-ecc-v33-activity-complete-e5/fresh_runs,2900583864,506491364,11ea57b4be5eb7312b8d917d76808179ef8eb2c0b63379fe2137383a0cdca59e,2076,2026-09-08,2026-09-09,Historical physical run evidence; unique source and compact metadata synchronized first,green-ecc-v33-activity-complete-e5,gzip read + complete member/type/link/count/size/SHA256 comparison; source rehash; quarantine rehash; archive rehash; public member manifest archives/manifests/green-ecc-v33-activity-complete-e5-fresh_runs.tar.gz.manifest.json
D:/GREENS_ARCHIVES/openram/Ubuntu-24.04-gate3_openram_attempt02-work.tar.gz,Ubuntu-24.04:/var/lib/green-ecc-iscas-sustainability/gate3_openram_attempt02/work,1665337976,123545189,b9af5ebb0b217253c5bdb7329ba931d8f6510dc4105f7fd19aa5da84839dcaee,301,2026-08-29,2026-08-30,Historical OpenRAM partial/failed output; preserve negative evidence,gate3_openram_attempt02,gzip read + complete member/type/link/count/size/SHA256 comparison; source rehash; quarantine rehash; archive rehash; public member manifest archives/manifests/Ubuntu-24.04-gate3_openram_attempt02-work.tar.gz.manifest.json
D:/GREENS_ARCHIVES/openram/Ubuntu-24.04-gate3_openram_attempt02-evidence.tar.gz,Ubuntu-24.04:/var/lib/green-ecc-iscas-sustainability/gate3_openram_attempt02/evidence,65623820,4196443,4094ec0dbc699484a08666cf0c2477ae6f640f812961cabd7b2b9cea944973d0,14,2026-08-29,2026-08-30,Historical OpenRAM partial/failed output; preserve negative evidence,gate3_openram_attempt02,gzip read + complete member/type/link/count/size/SHA256 comparison; source rehash; quarantine rehash; archive rehash; public member manifest archives/manifests/Ubuntu-24.04-gate3_openram_attempt02-evidence.tar.gz.manifest.json
D:/GREENS_ARCHIVES/openram/Ubuntu-24.04-gate3_openram_attempt02-output.tar.gz,Ubuntu-24.04:/var/lib/green-ecc-iscas-sustainability/gate3_openram_attempt02/output,22242135,1023233,1ad1f8d5cae18ac90a66dafa9ee9a5e57aec235c280ebe6aed8b96a7483a1e9a,8,2026-08-29,2026-08-30,Historical OpenRAM partial/failed output; preserve negative evidence,gate3_openram_attempt02,gzip read + complete member/type/link/count/size/SHA256 comparison; source rehash; quarantine rehash; archive rehash; public member manifest archives/manifests/Ubuntu-24.04-gate3_openram_attempt02-output.tar.gz.manifest.json
D:/GREENS_ARCHIVES/physical_validation/green-ecc-v32-matched-openram-orfs-validation-runs.tar.gz,Ubuntu-24.04:/var/lib/green-ecc-v32-matched-openram-orfs-validation/runs,11391177142,2026120467,52f421a9929477bbeeb3d9414ab33b340b1c2bebb364b4c50de2be8edc2d9b8b,4214,2026-09-08,2026-09-08,Historical physical run evidence; unique source and compact metadata synchronized first,green-ecc-v32-matched-openram-orfs-validation,gzip read + complete member/type/link/count/size/SHA256 comparison; source rehash; quarantine rehash; archive rehash; public member manifest archives/manifests/green-ecc-v32-matched-openram-orfs-validation-runs.tar.gz.manifest.json
D:/GREENS_ARCHIVES/openram/Attempt04-Recovery-gate3_openram_attempt04_sky130_control_integration_repair-work.tar.gz,Attempt04-Recovery:/var/lib/green-ecc-iscas-sustainability/gate3_openram_attempt04_sky130_control_integration_repair/work,0,322,4d5f4fa688b717329ce58d16f8ecb8c5989d02c1a2466a4130a47876aa468f08,0,unknown,unknown,Historical OpenRAM partial/failed output; preserve negative evidence,gate3_openram_attempt04_sky130_control_integration_repair,gzip read + complete member/type/link/count/size/SHA256 comparison; source rehash; quarantine rehash; archive rehash; public member manifest archives/manifests/Attempt04-Recovery-gate3_openram_attempt04_sky130_control_integration_repair-work.tar.gz.manifest.json
D:/GREENS_ARCHIVES/openram/Attempt04-Recovery-gate3_openram_attempt04_sky130_control_integration_repair-output.tar.gz,Attempt04-Recovery:/var/lib/green-ecc-iscas-sustainability/gate3_openram_attempt04_sky130_control_integration_repair/output,0,326,52d7fd67822d62e8d5391361cdcfa3b3e2ecd1006dbd14da59e1a2e13eba2bcb,0,unknown,unknown,Historical OpenRAM partial/failed output; preserve negative evidence,gate3_openram_attempt04_sky130_control_integration_repair,gzip read + complete member/type/link/count/size/SHA256 comparison; source rehash; quarantine rehash; archive rehash; public member manifest archives/manifests/Attempt04-Recovery-gate3_openram_attempt04_sky130_control_integration_repair-output.tar.gz.manifest.json
D:/GREENS_ARCHIVES/openram/Attempt04-Recovery-gate3_openram_attempt04_sky130_control_integration_repair-evidence.tar.gz,Attempt04-Recovery:/var/lib/green-ecc-iscas-sustainability/gate3_openram_attempt04_sky130_control_integration_repair/evidence,87685755,8223339,3df5e31d637d8b9fb487980fd445605dcc7d6e5d298e1b769a941142f35cb3e6,897,2026-08-31,2026-08-31,Historical OpenRAM partial/failed output; preserve negative evidence,gate3_openram_attempt04_sky130_control_integration_repair,gzip read + complete member/type/link/count/size/SHA256 comparison; source rehash; quarantine rehash; archive rehash; public member manifest archives/manifests/Attempt04-Recovery-gate3_openram_attempt04_sky130_control_integration_repair-evidence.tar.gz.manifest.json
