removed_or_archived_path,canonical_path,relationship,verification,size_bytes,sha256_or_manifest
Ubuntu-24.04:/var/lib/green-ecc-gate04/runs,D:/GREENS_ARCHIVES/physical_validation/green-ecc-gate04-runs.tar.gz,Original replaced by compressed historical archive,gzip read + complete member/type/link/count/size/SHA256 comparison; source rehash; quarantine rehash; archive rehash,342064128,854baeb90a9e2b764db13e31158785d806613796707549e4c27df579475409b5
Ubuntu-24.04:/var/lib/green-ecc-date2027-final/runs,D:/GREENS_ARCHIVES/physical_validation/green-ecc-date2027-final-runs.tar.gz,Original replaced by compressed historical archive,gzip read + complete member/type/link/count/size/SHA256 comparison; source rehash; quarantine rehash; archive rehash,718406621,ccb99359c0026b999d00bc91e2e3076cd4c1d4de5355c391c772555bbcc4dcb8
Ubuntu-24.04:/var/lib/green-ecc-date2027-breadth-remediation/runs,D:/GREENS_ARCHIVES/physical_validation/green-ecc-date2027-breadth-remediation-runs.tar.gz,Original replaced by compressed historical archive,gzip read + complete member/type/link/count/size/SHA256 comparison; source rehash; quarantine rehash; archive rehash,1757720757,cb68e1112c47dc7d4249849ccc01569fa961dbb0dd08d1cb96ddd6dacf1426b2
Ubuntu-24.04:/var/lib/green-ecc-date2027-gate04-final-confirmatory-02/runs,D:/GREENS_ARCHIVES/physical_validation/green-ecc-date2027-gate04-final-confirmatory-02-runs.tar.gz,Original replaced by compressed historical archive,gzip read + complete member/type/link/count/size/SHA256 comparison; source rehash; quarantine rehash; archive rehash,371378066,b9b07898435fb725d2fcbca30265880153e68de391f5d182f1546aad53c41bb3
Ubuntu-24.04:/var/lib/green-ecc-date2027-gate04-final/runs,D:/GREENS_ARCHIVES/physical_validation/green-ecc-date2027-gate04-final-runs.tar.gz,Original replaced by compressed historical archive,gzip read + complete member/type/link/count/size/SHA256 comparison; source rehash; quarantine rehash; archive rehash,142021419,344c19bd035b558ae15d92dcf5dcecbfdb28959faff830c3176c12c283a12ce1
Ubuntu-24.04:/var/lib/green-ecc-gate03es/runs,D:/GREENS_ARCHIVES/physical_validation/green-ecc-gate03es-runs.tar.gz,Original replaced by compressed historical archive,gzip read + complete member/type/link/count/size/SHA256 comparison; source rehash; quarantine rehash; archive rehash,222342313,d160c531f096822a598c602c59245be8a25a9d65ae0bf50f16fac6c908c997de
Ubuntu-24.04:/var/lib/green-ecc-date2027-revision2/runs,D:/GREENS_ARCHIVES/physical_validation/green-ecc-date2027-revision2-runs.tar.gz,Original replaced by compressed historical archive,gzip read + complete member/type/link/count/size/SHA256 comparison; source rehash; quarantine rehash; archive rehash,2262279667,2f136059ad49321afdbbda0421002f140ca5b6d9baad6f107557de06ef2a8ea8
Ubuntu-24.04:/var/lib/green-ecc-gate03er/runs,D:/GREENS_ARCHIVES/physical_validation/green-ecc-gate03er-runs.tar.gz,Original replaced by compressed historical archive,gzip read + complete member/type/link/count/size/SHA256 comparison; source rehash; quarantine rehash; archive rehash,132276820,2880ae09bd4a8c2b1d2a7638656b906432b1019ece94787743c26c7b7382b7ee
Ubuntu-24.04:/var/lib/green-ecc-v33-activity-complete-e5/fresh_runs,D:/GREENS_ARCHIVES/physical_validation/green-ecc-v33-activity-complete-e5-fresh_runs.tar.gz,Original replaced by compressed historical archive,gzip read + complete member/type/link/count/size/SHA256 comparison; source rehash; quarantine rehash; archive rehash,2900583864,11ea57b4be5eb7312b8d917d76808179ef8eb2c0b63379fe2137383a0cdca59e
Ubuntu-24.04:/var/lib/green-ecc-iscas-sustainability/gate3_openram_attempt02/work,D:/GREENS_ARCHIVES/openram/Ubuntu-24.04-gate3_openram_attempt02-work.tar.gz,Original replaced by compressed historical archive,gzip read + complete member/type/link/count/size/SHA256 comparison; source rehash; quarantine rehash; archive rehash,1665337976,b9af5ebb0b217253c5bdb7329ba931d8f6510dc4105f7fd19aa5da84839dcaee
Ubuntu-24.04:/var/lib/green-ecc-iscas-sustainability/gate3_openram_attempt02/evidence,D:/GREENS_ARCHIVES/openram/Ubuntu-24.04-gate3_openram_attempt02-evidence.tar.gz,Original replaced by compressed historical archive,gzip read + complete member/type/link/count/size/SHA256 comparison; source rehash; quarantine rehash; archive rehash,65623820,4094ec0dbc699484a08666cf0c2477ae6f640f812961cabd7b2b9cea944973d0
Ubuntu-24.04:/var/lib/green-ecc-iscas-sustainability/gate3_openram_attempt02/output,D:/GREENS_ARCHIVES/openram/Ubuntu-24.04-gate3_openram_attempt02-output.tar.gz,Original replaced by compressed historical archive,gzip read + complete member/type/link/count/size/SHA256 comparison; source rehash; quarantine rehash; archive rehash,22242135,1ad1f8d5cae18ac90a66dafa9ee9a5e57aec235c280ebe6aed8b96a7483a1e9a
Ubuntu-24.04:/var/lib/green-ecc-v32-matched-openram-orfs-validation/runs,D:/GREENS_ARCHIVES/physical_validation/green-ecc-v32-matched-openram-orfs-validation-runs.tar.gz,Original replaced by compressed historical archive,gzip read + complete member/type/link/count/size/SHA256 comparison; source rehash; quarantine rehash; archive rehash,11391177142,52f421a9929477bbeeb3d9414ab33b340b1c2bebb364b4c50de2be8edc2d9b8b
Attempt04-Recovery:/var/lib/green-ecc-iscas-sustainability/gate3_openram_attempt04_sky130_control_integration_repair/work,D:/GREENS_ARCHIVES/openram/Attempt04-Recovery-gate3_openram_attempt04_sky130_control_integration_repair-work.tar.gz,Original replaced by compressed historical archive,gzip read + complete member/type/link/count/size/SHA256 comparison; source rehash; quarantine rehash; archive rehash,0,4d5f4fa688b717329ce58d16f8ecb8c5989d02c1a2466a4130a47876aa468f08
Attempt04-Recovery:/var/lib/green-ecc-iscas-sustainability/gate3_openram_attempt04_sky130_control_integration_repair/output,D:/GREENS_ARCHIVES/openram/Attempt04-Recovery-gate3_openram_attempt04_sky130_control_integration_repair-output.tar.gz,Original replaced by compressed historical archive,gzip read + complete member/type/link/count/size/SHA256 comparison; source rehash; quarantine rehash; archive rehash,0,52d7fd67822d62e8d5391361cdcfa3b3e2ecd1006dbd14da59e1a2e13eba2bcb
Attempt04-Recovery:/var/lib/green-ecc-iscas-sustainability/gate3_openram_attempt04_sky130_control_integration_repair/evidence,D:/GREENS_ARCHIVES/openram/Attempt04-Recovery-gate3_openram_attempt04_sky130_control_integration_repair-evidence.tar.gz,Original replaced by compressed historical archive,gzip read + complete member/type/link/count/size/SHA256 comparison; source rehash; quarantine rehash; archive rehash,87685755,3df5e31d637d8b9fb487980fd445605dcc7d6e5d298e1b769a941142f35cb3e6
Attempt04-Recovery:/var/lib/green-ecc-gate04/runs,D:/GREENS_ARCHIVES/physical_validation/green-ecc-gate04-runs.tar.gz,Exact duplicate tree of canonical archived run,Every member/type/symlink/size/SHA256 identical to verified primary archive; archive and manifest hashes rechecked; quarantine rehashed,342064128,695179531b5c6e64f8a03330b63fe4f11fe8f72ff5c3e0317a7f39100f6feea9
Attempt04-Recovery:/var/lib/green-ecc-date2027-final/runs,D:/GREENS_ARCHIVES/physical_validation/green-ecc-date2027-final-runs.tar.gz,Exact duplicate tree of canonical archived run,Every member/type/symlink/size/SHA256 identical to verified primary archive; archive and manifest hashes rechecked; quarantine rehashed,718406621,ed4577dcbe2d13fa4fd6d6f803bec8d411aac02da95614ff7603f5c1636f43e5
Attempt04-Recovery:/var/lib/green-ecc-date2027-breadth-remediation/runs,D:/GREENS_ARCHIVES/physical_validation/green-ecc-date2027-breadth-remediation-runs.tar.gz,Exact duplicate tree of canonical archived run,Every member/type/symlink/size/SHA256 identical to verified primary archive; archive and manifest hashes rechecked; quarantine rehashed,1757720757,a7ce7ebe525a484b9e278eb89e6328611840caef4e805f6f244f35d0d00f7304
Attempt04-Recovery:/var/lib/green-ecc-date2027-gate04-final-confirmatory-02/runs,D:/GREENS_ARCHIVES/physical_validation/green-ecc-date2027-gate04-final-confirmatory-02-runs.tar.gz,Exact duplicate tree of canonical archived run,Every member/type/symlink/size/SHA256 identical to verified primary archive; archive and manifest hashes rechecked; quarantine rehashed,371378066,24b6ed8c1eeaf5b5d8b614b500365262aa08f219dc1a4933dfe16ce788c2431d
Attempt04-Recovery:/var/lib/green-ecc-date2027-gate04-final/runs,D:/GREENS_ARCHIVES/physical_validation/green-ecc-date2027-gate04-final-runs.tar.gz,Exact duplicate tree of canonical archived run,Every member/type/symlink/size/SHA256 identical to verified primary archive; archive and manifest hashes rechecked; quarantine rehashed,142021419,eadbcd4e19a1640c55171d4b20e5527152a8dc3d649fe09cb6ebefc6e6008a83
Attempt04-Recovery:/var/lib/green-ecc-gate03es/runs,D:/GREENS_ARCHIVES/physical_validation/green-ecc-gate03es-runs.tar.gz,Exact duplicate tree of canonical archived run,Every member/type/symlink/size/SHA256 identical to verified primary archive; archive and manifest hashes rechecked; quarantine rehashed,222342313,3863a0a717a49233bd34e11542093a318a1b1c5094f508a66fed65be724e98ce
Attempt04-Recovery:/var/lib/green-ecc-date2027-revision2/runs,D:/GREENS_ARCHIVES/physical_validation/green-ecc-date2027-revision2-runs.tar.gz,Exact duplicate tree of canonical archived run,Every member/type/symlink/size/SHA256 identical to verified primary archive; archive and manifest hashes rechecked; quarantine rehashed,2262279667,ebbfc674be7d1dd14ee0321c538fdc7d06ae68f0ba954a01acb0e1d0e9454057
Attempt04-Recovery:/var/lib/green-ecc-gate03er/runs,D:/GREENS_ARCHIVES/physical_validation/green-ecc-gate03er-runs.tar.gz,Exact duplicate tree of canonical archived run,Every member/type/symlink/size/SHA256 identical to verified primary archive; archive and manifest hashes rechecked; quarantine rehashed,132276820,173dd8e1e0b3fe81c694a452e9260ae82cdc4c6af7b5e78c85e00e601f430672
